<?xml version="1.0" encoding="UTF-8"?>
<jcr:root
	xmlns:sling="http://sling.apache.org/jcr/sling/1.0"
	xmlns:granite="http://www.adobe.com/jcr/granite/1.0"
	xmlns:cq="http://www.day.com/jcr/cq/1.0"
	xmlns:jcr="http://www.jcp.org/jcr/1.0"
	xmlns:nt="http://www.jcp.org/jcr/nt/1.0"
    jcr:primaryType="nt:unstructured"
    jcr:title="sselecthdeand show"
    sling:resourceType="cq/gui/components/authoring/dialog">
	<content
        jcr:primaryType="nt:unstructured"
        sling:resourceType="granite/ui/components/coral/foundation/fixedcolumns">
		<items jcr:primaryType="nt:unstructured">
			<column
                jcr:primaryType="nt:unstructured"
                sling:resourceType="granite/ui/components/coral/foundation/container">
				<items jcr:primaryType="nt:unstructured">
					<select
           jcr:primaryType="nt:unstructured"
           granite:class="cq-dialog-dropdown-showhide"
           sling:resourceType="granite/ui/components/coral/foundation/form/select"
           name="./select"
           fielDescription="D Select"
           fieldLabel="Select">
						<granite:data 
              jcr:primaryType="nt:unstructured"
              cq-dialog-dropdown-showhide-target=".list-option-listfrom-showhide-target"/>
						<items jcr:primaryType="nt:unstructured">
							<value1
                   jcr:primaryType="nt:unstructured"
                   text="Text 1"
                   value="value1"/>
							<value2
                   jcr:primaryType="nt:unstructured"
                   text="Text 2"
                   value="value2"/>
						</items>
					</select>
					<filed2 jcr:primaryType="nt:unstructured"
              granite:class="hide list-option-listfrom-showhide-target"
              sling:resourceType="granite/ui/components/coral/foundation/container">
						<granite:data 
                jcr:primaryType="nt:unstructured"
                showhidetargetvalue="value1"/>
						<items jcr:primaryType="nt:unstructured">
							<colour
                   jcr:primaryType="nt:unstructured"
                   sling:resourceType="granite/ui/components/coral/foundation/form/colorfield"
                   fielDescription="Field 1"
                   fieldLabel="D Field 1"
                   name="./field1"/>
						</items>
					</filed2>
					<filed2 jcr:primaryType="nt:unstructured"
                granite:class="hide list-option-listfrom-showhide-target"
                sling:resourceType="granite/ui/components/coral/foundation/container">
						<granite:data 
                   jcr:primaryType="nt:unstructured"
                   showhidetargetvalue="value1"/>
						<items jcr:primaryType="nt:unstructured">
							<colour
                     jcr:primaryType="nt:unstructured"
                     sling:resourceType="granite/ui/components/coral/foundation/form/colorfield"
                     fielDescription="Field 2"
                     fieldLabel="D Field 2"
                     name="./field2"/>
						</items>
					</filed2>
				</items>
			</column>
		</items>
	</content>
</jcr:root>